state,rss_bytes,physical_footprint_bytes,max_rss_bytes,peak_physical_footprint_bytes
fixture-ready,12206080,4932232,87736320,80495288
import-0,64864256,12026648,102105088,80495288
encode-0-idle-0,69238784,16384792,102105088,80495288
encode-0-idle-1,73433088,20579096,102105088,80495288
encode-0-typing-0,77627392,24773400,102105088,80495288
encode-0-typing-1,81805312,28951320,102105088,80495288
encode-0-typing-2,85983232,33129240,102105088,80495288
encode-0-typing-3,90177536,37323544,102105088,80495288
encode-0-sleep-0,94388224,41534232,102105088,80495288
encode-0-sleep-1,98582528,45728536,102105088,80495288
encode-0-enter-0,102776832,49922840,102776832,80495288
retained-0,102744064,49890072,102776832,80495288
import-1,142049280,50578296,182960128,92373856
encode-1-idle-0,146505728,55034744,182960128,92373856
encode-1-idle-1,150683648,59212664,182960128,92373856
encode-1-typing-0,154976256,63505272,182960128,92373856
encode-1-typing-1,159154176,67683192,182960128,92373856
encode-1-typing-2,163332096,71861112,182960128,92373856
encode-1-typing-3,167510016,76039032,182960128,92373856
encode-1-sleep-0,171687936,80216952,182960128,92373856
encode-1-sleep-1,175865856,84394872,182960128,92373856
encode-1-enter-0,180043776,88572792,182960128,92373856
retained-1,142114816,50643832,182960128,92373856
import-2,181223424,51119040,222347264,93144000
encode-2-idle-0,185401344,55296960,222347264,93144000
encode-2-idle-1,189579264,59474880,222347264,93144000
encode-2-typing-0,193757184,63652800,222347264,93144000
encode-2-typing-1,197935104,67830720,222347264,93144000
encode-2-typing-2,202113024,72008640,222347264,93144000
encode-2-typing-3,206290944,76186560,222347264,93144000
encode-2-sleep-0,210468864,80364480,222347264,93144000
encode-2-sleep-1,214646784,84542400,222347264,93144000
encode-2-enter-0,218824704,88720320,222347264,93144000
retained-2,180895744,50758544,222347264,93144000
import-3,186449920,51086272,231620608,93144000
encode-3-idle-0,190627840,55264192,231620608,93144000
encode-3-idle-1,194805760,59442112,231620608,93144000
encode-3-typing-0,198983680,63620032,231620608,93144000
encode-3-typing-1,203161600,67797952,231620608,93144000
encode-3-typing-2,207339520,71975872,231620608,93144000
encode-3-typing-3,211517440,76153792,231620608,93144000
encode-3-sleep-0,215695360,80331712,231620608,93144000
encode-3-sleep-1,219873280,84509632,231620608,93144000
encode-3-enter-0,224051200,88687552,231620608,93144000
retained-3,186122240,50758592,231620608,93144000
import-4,186400768,50889664,231669760,93144000
encode-4-idle-0,190660608,55149504,231669760,93144000
encode-4-idle-1,194838528,59327424,231669760,93144000
encode-4-typing-0,199016448,63505344,231669760,93144000
encode-4-typing-1,203194368,67683264,231669760,93144000
encode-4-typing-2,207372288,71861184,231669760,93144000
encode-4-typing-3,211550208,76039104,231669760,93144000
encode-4-sleep-0,215728128,80217024,231669760,93144000
encode-4-sleep-1,219906048,84394944,231669760,93144000
encode-4-enter-0,224083968,88572864,231669760,93144000
retained-4,186155008,50611088,231669760,93144000
final,186155008,50611088,231669760,93144000
