state,physical_footprint_bytes,peak_physical_footprint_bytes
launch,24101968,24331320
prepared-0,28951752,66913480
import-0,116278472,117015752
prepared-1,116786448,158745872
import-1,121439528,197756200
prepared-2,121603392,197756200
import-2,126059840,202376512
prepared-3,122029376,202376512
import-3,125945128,202376512
prepared-4,121914688,202376512
import-4,125863232,202376512
prepared-5,121849152,202376512
import-5,125781288,202376512
prepared-6,121898304,202376512
import-6,125830464,202376512
prepared-7,121914688,202376512
import-7,125764904,202376512
prepared-8,121865536,202376512
import-8,125781312,202376512
prepared-9,121865536,202376512
import-9,125781288,202376512
image-settings-30s,125961488,202376512
return-idle-30s,126027024,202376512
